DATEINT,DATE,DAY,EVENT NUMBER,EVENT NAME,TIME,REGULAR HOURS,OVERTIME HOURS
20201013,10/13/2020,TUE,13184,GalvezLotSecurity,1730-0000,6.0,0.0
20201012,10/12/2020,MON,13184,GalvezLotSecurity,1730-0000,6.0,0.0
20201007,10/7/2020,WED,13184,GalvezLotSecurity,1730-0000,6.0,0.0
20201006,10/6/2020,TUE,13184,GalvezLotSecurity,1730-0000,6.0,0.0
20201004,10/4/2020,SUN,13169,SecurityOperations,0900-1600,6.5,0.0
20201002,10/2/2020,FRI,13184,GalvezLotSecurity,1730-0000,6.0,0.0
20200930,9/30/2020,WED,13184,GalvezLotSecurity,1730-0000,6.0,0.0
20200928,9/28/2020,MON,13184,GalvezLotSecurity,1730-0000,6.0,0.0
20200923,9/23/2020,WED,13184,GalvezLotSecurity,1730-0000,6.0,0.0
20200921,9/21/2020,MON,13184,GalvezLotSecurity,1730-0000,6.0,0.0
20200917,9/17/2020,THU,13184,GalvezLotSecurity,1730-0000,6.0,0.0
20200916,9/16/2020,WED,13184,GalvezLotSecurity,1730-0000,6.0,0.0
20200914,9/14/2020,MON,13184,GalvezLotSecurity,1730-0000,6.0,0.0
20200911,9/11/2020,FRI,13184,GalvezLotSecurity,1730-0000,6.0,0.0
20200909,9/9/2020,WED,13184,GalvezLotSecurity,1730-0000,6.0,0.0
20200907,9/7/2020,MON,13169,SecurityOperations,0900-1600,6.5,0.0
20200903,9/3/2020,THU,13184,GalvezLotSecurity,1730-0000,6.0,0.0
20200902,9/2/2020,WED,13184,GalvezLotSecurity,1730-0000,6.0,0.0
20200831,8/31/2020,MON,12678,Foothills,1630-2030,4.0,0.0
20200828,8/28/2020,FRI,13184,GalvezLotSecurity,1730-0000,6.0,0.0
20200826,8/26/2020,WED,13184,GalvezLotSecurity,1730-0000,6.0,0.0
20200824,8/24/2020,MON,13184,GalvezLotSecurity,1830-0000,5.0,0.0
20200823,8/23/2020,SUN,12678,Foothills,0530-1300,7.0,0.0
20200819,8/19/2020,WED,13184,GalvezLotSecurity,1730-0000,6.0,0.0
20200817,8/17/2020,MON,13184,GalvezLotSecurity,1730-0000,6.0,0.0
20200812,8/12/2020,WED,12678,Foothills,1630-2030,4.0,0.0
20200810,8/10/2020,MON,13169,Security Operations,1630-2130,5.0,0.0
20200807,8/7/2020,FRI,12678,Foothills,1630-2030,4.0,0.0
20200805,8/5/2020,WED,12678,Foothills,1630-2030,4.0,0.0
20200804,8/4/2020,TUE,12678,Foothills,1630-2030,4.0,0.0
20200803,8/3/2020,MON,12678,Foothills,1630-2030,4.0,0.0
20200729,7/29/2020,WED,12678,Foothills,1630-2030,4.0,0.0
20200728,7/28/2020,TUE,12678,Foothills,1630-2030,4.0,0.0
20200727,7/27/2020,MON,12678,Foothills,1630-2030,4.0,0.0
20200723,7/23/2020,THU,12678,Foothills,1630-2030,4.0,0.0
20200722,7/22/2020,WED,12678,Foothills,1630-2030,4.0,0.0
20200720,7/20/2020,MON,12678,Foothills,1630-2030,4.0,0.0
20200717,7/17/2020,FRI,12678,Foothills,1630-2030,4.0,0.0
20200715,7/15/2020,WED,12678,Foothills,1630-2030,4.0,0.0
20200713,7/13/2020,MON,12678,Foothills,1630-2030,4.0,0.0
20200710,7/10/2020,FRI,12678,Foothills,1630-2030,4.0,0.0
20200709,7/9/2020,THU,12678,Foothills,1630-2030,4.0,0.0
20200708,7/8/2020,WED,12678,Foothills,1630-2030,4.0,0.0
20200707,7/7/2020,TUE,12678,Foothills,1630-2030,4.0,0.0
20200704,7/4/2020,SAT,13184,GalvezLotSecurity,1730-0000,6.0,0.0
20200703,7/3/2020,FRI,13184,GalvezLotSecurity,1730-0000,6.0,0.0
20200625,6/25/2020,THU,13184,GalvezLotSecurity,1730-0000,6.0,0.0
20200623,6/23/2020,TUE,13184,GalvezLotSecurity,1730-0000,6.0,0.0
20200617,6/17/2020,WED,13184,GalvezLotSecurity,1730-0000,6.0,0.0
20200615,6/15/2020,MON,13184,GalvezLotSecurity,1730-0000,6.0,0.0
20200613,6/13/2020,SAT,13169,SecurityOperations,1430-2230,7.5,0.0
20200610,6/10/2020,WED,13169,SecurityOperation,1430-2230,7.5,0.0
20200608,6/8/2020,MON,13169,SecurityOperations,1430-2230,7.5,0.0
20200605,6/5/2020,FRI,13169,SecurityOperations,1430-2230,7.5,0.0
20200603,6/3/2020,WED,13184,GalvezLotSecurity,1630-0000,7.0,0.0
20200601,6/1/2020,MON,13169,SecurityOperations Beat 1,1430-2230,7.5,0.0
20200529,5/29/2020,FRI,13169,SecurityOperations,1430-2230,7.5,0.0
20200527,5/27/2020,WED,13169,SecurityOperations,1430-2230,7.5,0.0
20200525,5/25/2020,MON,13169,SecurityOperations,1430-2230,7.5,0.0
20200521,5/21/2020,THU,13184,GalvezLotSecurity,1630-0000,7.0,0.0
20200520,5/20/2020,WED,13169,SecurityOperations,1430-2230,7.5,0.0
20200518,5/18/2020,MON,13169,SecurityOperations,1430-2230,7.5,0.0
20200515,5/15/2020,FRI,13184,GalvezLotSecurity,1630-0000,7.0,0.0
20200513,5/13/2020,WED,13184,GalvezLotSecurity,1630-0000,7.0,0.0
20200511,5/11/2020,MON,13184,GalvezLotSecurity,1630-0000,7.0,0.0
20200508,5/8/2020,FRI,13169,SecurityOperations,1430-2230,7.5,0.0
20200507,5/7/2020,THU,13169,SecurityOperations,1430-2230,7.5,0.0
20200506,5/6/2020,WED,13184,GalvezLotSecurity,1630-0000,7.0,0.0
20200505,5/5/2020,TUE,13169,SecurityOperations,1430-2230,7.5,0.0
20200503,5/3/2020,SUN,13169,SecurityOperations,1430-2230,7.5,0.0
20200501,5/1/2020,FRI,13169,SecurityOperations,1430-2230,7.5,0.0
20200430,4/30/2020,THU,13169,GalvezLotSecurity,1630-0000,7.0,0.0
20200429,4/29/2020,WED,13169,GalvezLotSecurity,1630-0000,7.0,0.0
20200426,4/26/2020,SUN,13169,SecurityOperations,1430-2230,7.5,0.0
20200425,4/25/2020,SAT,13169,SecurityOperations,1430-2230,7.5,0.0
20200423,4/23/2020,THU,13184,GalvezLotSecurity,1630-2335,6.58,0.0
20200420,4/20/2020,MON,13169,SecurityOperations,1430-2230,7.5,0.0
20200419,4/19/2020,SUN,13169,SecurityOperationd,1430-2230,7.5,0.0
20200416,4/16/2020,THU,13169,SecurityOperations,1430-2220,7.33,0.0
20200415,4/15/2020,WED,13169,SecurityOperations,1430-2221,7.35,0.0
20200413,4/13/2020,MON,13169,SecurityOperations,1430-2230,7.5,0.0
20200411,4/11/2020,SAT,13169,SecurityOperations,1430-2215,7.25,0.0
20200410,4/10/2020,FRI,13169,SecurityOperations,1430-2220,7.33,0.0
20200408,4/8/2020,WED,13169,SecurityOperations,1430-2210,7.17,0.0
20200407,4/7/2020,TUE,13169,SecurityOperations,1430-2215,7.25,0.0
20200405,4/5/2020,SUN,13169,SecurityOperations,0630-1420,7.33,0.0
20200404,4/4/2020,SAT,13169,SecurityOperations,1430-2230,7.5,0.0
20200403,4/3/2020,FRI,13169,SecurityOperations,1430-2230,7.5,0.0
20200401,4/1/2020,WED,13169,SecurityOperations,1430-2230,7.5,0.0
20200329,3/29/2020,SUN,13169,SecurityOperations,1430-2230,7.5,0.0
20200328,3/28/2020,SAT,13169,SecurityOperations,1430-2230,7.5,0.0
20200327,3/27/2020,FRI,13169,SecurityOperations,1430-2230,7.5,0.0
20200326,3/26/2020,THU,13169,Security Operation,1430-2230,7.5,0.0
20200320,3/20/2020,FRI,13184,GalvezLotMobileClinic,1600-2330,7.0,0.0
20200319,3/19/2020,THU,12678,Foothills,1600-2000,4.0,0.0
20200318,3/18/2020,WED,12678,Foothills,1600-2000,4.0,0.0
20200317,3/17/2020,TUE,12678,Foothills,1600-2000,4.0,0.0
20200315,3/15/2020,SUN,12678,Foothills,1500-2000,5.0,0.0
20200314,3/14/2020,SAT,12678,Foothills,1300-2000,6.5,0.0
20200313,3/13/2020,FRI,13169,ResidentialSpotChech,1400-2100,6.5,0.0
20200308,3/8/2020,SUN,12678,Foothills,1300-2000,6.5,0.0
20200301,3/1/2020,SUN,12883,MenBBvsColorado,1330-1730,4.0,0.0
20200301,3/1/2020,SUN,12678,Foothills,1800-2000,2.0,0.0
20200228,2/28/2020,FRI,13092,CallOff,1600-1601,0.02,0.0
20200227,2/27/2020,THU,13080,ArbuckleAwardDinner,1630-2200,5.5,0.0
20200226,2/26/2020,WED,12882,MenBBvsUtah,1730-2130,4.0,0.0
20200225,2/25/2020,TUE,13087,CASBSSymposium,1600-1940,3.67,0.0
20200223,2/23/2020,SUN,12678,Foothills,1400-1900,5.0,0.0
20200222,2/22/2020,SAT,13089,CrepeNight,1715-2230,5.25,0.0
20200221,2/21/2020,FRI,12678,Foothills,1430-1830,4.0,0.0
20200221,2/21/2020,FRI,13088,EncountereCulture,1900-2230,3.5,0.0
20200217,2/17/2020,MON,12678,Foothills,1400-1900,5.0,0.0
20200216,2/16/2020,SUN,12678,Foothills,1400-1900,5.0,0.0
20200215,2/15/2020,SAT,13031,TreeHack,1530-0000,8.0,0.0
20200214,2/14/2020,FRI,13031,TreeHack,1530-0015,8.0,0.25
20200209,2/9/2020,SUN,12678,Foothills,0600-1000,4.0,0.0
20200209,2/9/2020,SUN,12881,WomenBBvsUSC,1030-1445,4.0,0.25
20200205,2/5/2020,WED,13039,Bing-VladimirFeltsman,1800-2145,3.75,0.0
20200202,2/2/2020,SUN,12678,Foothills,1400-1900,5.0,0.0
20200201,2/1/2020,SAT,12879,MenBBvsOregon,1330-1815,4.75,0.0
20200131,1/31/2020,FRI,12678,Foothills,1400-1830,4.5,0.0
20200130,1/30/2020,THU,12678,Foothills,1630-1800,1.5,0.0
20200130,1/30/2020,THU,12878,MenBBvsOregonState,1830-2245,4.25,0.0
20200126,1/26/2020,SUN,12995,ChineseNewYears,1720-2215,4.42,0.0
20200124,1/24/2020,FRI,12678,Foothills,1430-1830,4.0,0.0
20200123,1/23/2020,THU,12992,ACSSharkTank,1600-2030,4.5,0.0
20200119,1/19/2020,SUN,12678,Foothills,1330-1830,5.0,0.0
20200117,1/17/2020,FRI,13019,MontPelerinSociety,1430-2145,6.75,0.0
20200116,1/16/2020,THU,13019,MontPelerinSociety,1730-0000,6.0,0.0
20200111,1/11/2020,SAT,12678,Foothills,0900-1300,4.0,0.0
20200111,1/11/2020,SAT,12877,MemBBvsWashingtonState,1330-1730,4.0,0.0
20200109,1/9/2020,THU,12876,MenBBvsWashingtonState,1630-2115,4.75,0.0
20200105,1/5/2020,SUN,12678,Foothills,0600-1230,6.0,0.0
20200104,1/4/2020,SAT,12678,Foothills,0600-1230,6.0,0.0
20200103,1/3/2020,FRI,12675,TourBus,1200-1700,5.0,0.0
20200103,1/3/2020,FRI,12855,WomenBBvsWashingtonState,1730-2120,3.0,0.8300000000000001
20200102,1/2/2020,THU,12875,MenBBvsCal,1830-2230,4.0,0.0
20191229,12/29/2019,SUN,12967,WBSecurity,0630-1000,3.5,0.0
20191229,12/29/2019,SUN,12875,MenBBvsKansas,1030-1500,4.5,0.0
20191226,12/26/2019,THU,12678,Foothills,0600-1230,6.0,0.0
20191225,12/25/2019,WED,12678,Foothills,0600-1230,6.0,0.0
20191223,12/23/2019,MON,12967,WBSecurity,1430-2300,8.0,0.0
20191222,12/22/2019,SUN,12967,WBSecurity,1430-2300,8.0,0.0
20191221,12/21/2019,SAT,12678,Foothills,0600-1100,5.0,0.0
20191220,12/20/2019,FRI,12678,Foothills,1430-1830,4.0,0.0
20191218,12/18/2019,WED,12853,WomenBBvsTennessee,1730-2130,4.0,0.0
20191217,12/17/2019,TUE,12873,MenBBvsSF,1630-2045,4.25,0.0
20191215,12/15/2019,SUN,12678,Foothills,1330-1830,5.0,0.0
20191214,12/14/2019,SAT,12678,Foothills,0600-1230,6.0,0.0
20191202,12/2/2019,MON,12675,Tour Bus,1430-1930,5.0,0.0
20191201,12/1/2019,SUN,12678,Foothills,0600-1130,5.0,0.0
20191201,12/1/2019,SUN,12678,MenBBvsUNCWilmington,1130-1530,3.0,1.0
20191129,11/29/2019,FRI,12678,Foothills,1330-1830,5.0,0.0
20191128,11/28/2019,THU,12678,Foothills,1330-1830,5.0,0.0
20191127,11/27/2019,WED,12678,Foothills,1330-1830,5.0,0.0
20191124,11/24/2019,SUN,12851,WomenBBvsBuffalo,1230-1600,3.5,0.0
20191124,11/24/2019,SUN,12678,Foothills,1630-1830,2.0,0.0
20191122,11/22/2019,FRI,12678,Foothills,1430-1830,4.0,0.0
20191121,11/21/2019,THU,12870,MennBBvsWilliam&Mary,1430-1830,4.0,0.0
20191120,11/20/2019,WED,12895,BitaPrize,1700-2100,4.0,0.0
20191119,11/19/2019,TUE,12869,MenBBvsMarylandEasternShore,1730-2130,4.0,0.0
20191117,11/17/2019,SUN,12678,Foothills,0600-1230,6.0,0.0
20191117,11/17/2019,SUN,12918,VolleyBall,1230-1415,1.75,0.0
20191115,11/15/2019,FRI,12678,Foothills,1430-1830,4.0,0.0
20191114,11/14/2019,THU,12849,WomenBBvsNorthernColorado,1730-2115,3.75,0.0
20191113,11/13/2019,WED,12923,Bing-MozartMusing,1800-2200,4.0,0.0
20191110,11/10/2019,SUN,12675,Tour Bus,1400-1800,4.0,0.0
20191110,11/10/2019,SUN,12866,MenBBvsCalStateFullerton,1830-2230,4.0,0.0
20191108,11/8/2019,FRI,12717,Frost-BrockHamptom,1600-2315,6.75,0.0
20191106,11/6/2019,WED,12865,MenBBvsMontana,1730-2115,3.75,0.0
20191105,11/5/2019,TUE,12848,WomenBBvsEasternWashington,1730-2115,3.75,0.0
20191103,11/3/2019,SUN,12678,Foothills,1330-1430,1.0,0.0
20191103,11/3/2019,SUN,12916,Women VolleyBall,1430-1630,2.0,0.0
20191103,11/3/2019,SUN,12678,Foothills,1630-1830,2.0,0.0
20191102,11/2/2019,SAT,12935,WomenBBvsUSA NationalTeam,1430-1845,4.25,0.0
20191101,11/1/2019,FRI,12678,Foothills,1430-1730,3.0,0.0
20191101,11/1/2019,FRI,12834,Mausoleum Party,1800-2245,4.75,0.0
20191029,10/29/2019,TUE,12857,WomenBBvsBeijing,1730-2115,3.75,0.0
20191027,10/27/2019,SUN,12673,Theta Breakers,0700-1100,4.0,0.0
20191025,10/25/2019,FRI,12678,Foothills,1430-1930,5.0,0.0
20191024,10/24/2019,THU,12632,Evening On The Quad,1550-2230,6.17,0.0
20191023,10/23/2019,WED,12836,Bing-DanielPearl,1730-2130,4.0,0.0
20191019,10/19/2019,SAT,12828,StanfordFarmDay,1330-2030,6.5,0.0
20191018,10/18/2019,FRI,12678,Foothills,1430-1930,5.0,0.0
20191016,10/16/2019,WED,12823,Bing-Brad Mehldau&Ian Bostridge,1800-2200,4.0,0.0
20191014,10/14/2019,MON,12716,Frost-Bob_Dylan,1600-2230,6.0,0.0
20191013,10/13/2019,SUN,12678,Foothills,1430-1930,5.0,0.0
20191012,10/12/2019,SAT,12715,Frost-WillieNelson,1500-2245,7.25,0.0
20191011,10/11/2019,FRI,12678,Foothills,1430-1930,5.0,0.0
20191009,10/9/2019,WED,12771,YomKippur,1600-2030,4.5,0.0
20191008,10/8/2019,TUE,12771,YomKippur,1700-2100,4.0,0.0
20191006,10/6/2019,SUN,12806,AccelerationClimateSolutions,1300-1830,5.0,0.0
20190930,9/30/2019,MON,12678,Foothills,1630-2030,4.0,0.0
20190928,9/28/2019,SAT,12773,MAX CardinalNights,1900-2330,4.5,0.0
20190927,9/27/2019,FRI,12678,Foothills,1630-2030,4.0,0.0
20190926,9/26/2019,THU,12678,Foothills,1630-2030,4.0,0.0
20190925,9/25/2019,WED,12678,Foothills,1630-2030,4.0,0.0
20190921,9/21/2019,SAT,000000,Sick,1100-1630,5.5,0.0
20190920,9/20/2019,FRI,12678,Foothills,1530-2030,5.0,0.0
20190918,9/18/2019,WED,12678,Foothills,1630-2030,4.0,0.0
20190917,9/17/2019,TUE,12678,Foothills,1630-2030,4.0,0.0
20190916,9/16/2019,MON,12678,Foothills,1630-2030,4.0,0.0
20190915,9/15/2019,SUN,12678,Foothills,0600-1230,6.0,0.0
20190913,9/13/2019,FRI,12685,Santa Clara Program,1600-1900,3.0,0.0
20190913,9/13/2019,FRI,12678,Foothills,1900-2030,1.5,0.0
20190818,8/18/2019,SUN,12666,Summer BootPolicyCamp,1645-1945,3.0,0.0
20190817,8/17/2019,SAT,12576,Frost Concert- Joe Russo,1500-2300,7.5,0.0
20190816,8/16/2019,FRI,12032,Foothills,1500-2100,5.5,0.0
20190812,8/12/2019,MON,12559,ID-Tech,1600-1800,2.0,0.0
20190812,8/12/2019,MON,12032,Foothills,1800-2100,3.0,0.0
20190811,8/11/2019,SUN,12032,Foothills,0530-1230,6.5,0.0
20190810,8/10/2019,SAT,12607,SEP_AnnualTraining,0700-1140,4.67,0.0
20190805,8/5/2019,MON,12559,ID-TECH,1600-1800,2.0,0.0
20190805,8/5/2019,MON,12032,Foothills,1800-2100,3.0,0.0
20190803,8/3/2019,SAT,12032,Foothills,0530-1230,6.5,0.0
20190802,8/2/2019,FRI,12032,Foothills,1500-2100,5.5,0.0
20190729,7/29/2019,MON,12559,ID Tech,1600-1800,2.0,0.0
20190729,7/29/2019,MON,12032,Foothills,1800-2100,3.0,0.0
20190728,7/28/2019,SUN,12032,Foothills,0530-1230,6.5,0.0
20190723,7/23/2019,TUE,12032,Foothills,1700-2100,4.0,0.0
20190722,7/22/2019,MON,12032,Foothills,1700-2100,4.0,0.0
20190718,7/18/2019,THU,12559,ID Tech,1600-1800,2.0,0.0
20190718,7/18/2019,THU,12032,Foothills,1800-2100,3.0,0.0
20190716,7/16/2019,TUE,12032,Foothills,1700-2100,4.0,0.0
20190713,7/13/2019,SAT,12573,Frost-SF Symphony,1600-2230,6.0,0.0
20190712,7/12/2019,FRI,12032,Foothills,1500-2100,5.5,0.0
20190709,7/9/2019,TUE,12628,Hoover Summer Board,1700-2130,4.5,0.0
20190708,7/8/2019,MON,12032,Foothills,1700-2100,4.0,0.0
20190705,7/5/2019,FRI,12032,Foothills,0530-1230,6.5,0.0
20190704,7/4/2019,THU,12032,Foothills/FireWatch,1600-0000,7.5,0.0
20190703,7/3/2019,WED,12559,ID TECH,1600-1800,2.0,0.0
20190703,7/3/2019,WED,12032,Foothills,1800-2100,3.0,0.0
20190702,7/2/2019,TUE,12559,ID Tech,1630-1800,1.5,0.0
20190702,7/2/2019,TUE,12032,Foothills,1800-2100,3.0,0.0
20190630,6/30/2019,SUN,12032,Foothills,0530-1230,6.5,0.0
20190625,6/25/2019,TUE,12559,ID Tech,1630-1800,1.5,0.0
20190625,6/25/2019,TUE,12032,Foothills,1800-2100,3.0,0.0
20190624,6/24/2019,MON,12559,ID Tech,1630-1800,1.5,0.0
20190624,6/24/2019,MON,12032,Foothilld,1800-2100,3.0,0.0
20190623,6/23/2019,SUN,12032,Foothilld,1600-2100,5.0,0.0
20190622,6/22/2019,SAT,12605,Summer Scamper Security,1530-0000,8.0,0.0
20190620,6/20/2019,THU,12032,Foothills,1700-2100,4.0,0.0
20190619,6/19/2019,WED,12032,Foothills,1700-2100,4.0,0.0
20190618,6/18/2019,TUE,12032,Foothills,1700-2100,4.0,0.0
20190615,6/15/2019,SAT,12892,Comm Stadium Security,1630-0000,7.0,0.0
20190614,6/14/2019,FRI,12037,Vaden Pharmacy,1600-1800,2.0,0.0
20190614,6/14/2019,FRI,12032,Foothills,1800-2100,3.0,0.0
20190612,6/12/2019,WED,12032,Foothills,1700-2100,4.0,0.0
20190611,6/11/2019,TUE,12592,Comm Stadium Security,1630-0000,7.0,0.0
20190608,6/8/2019,SAT,12031,Foothills,0530-1230,6.5,0.0
20190607,6/7/2019,FRI,12560,EPAA Graduation,1500-2000,5.0,0.0
20190605,6/5/2019,WED,12032,Foothilld,1700-2100,4.0,0.0
20190604,6/4/2019,TUE,12032,Foothills,1700-2100,4.0,0.0
20190601,6/1/2019,SAT,12851,Founders Circle,0500-1300,7.5,0.0
20190530,5/30/2019,THU,12032,Foothills,1700-2100,4.0,0.0
20190529,5/29/2019,WED,12032,Foothills,1700-2100,4.0,0.0
20190527,5/27/2019,MON,12032,Foothill,0530-1230,6.5,0.0
20190525,5/25/2019,SAT,12032,Foothills,0530-1230,6.5,0.0
20190524,5/24/2019,FRI,12037,VadenPharmacy,1600-1800,2.0,0.0
20190524,5/24/2019,FRI,12032,Foothills,1800-2100,3.0,0.0
20190522,5/22/2019,WED,12584,GenderEquality,1530-1900,3.5,0.0
20190522,5/22/2019,WED,12032,Foothills,1930-2100,1.5,0.0
20190521,5/21/2019,TUE,12032,Foothills,1700-2100,4.0,0.0
20190518,5/18/2019,SAT,12446,Frost-Concert,1500-2300,7.5,0.0
20190517,5/17/2019,FRI,12547,GradFormalParty,1900-0045,5.25,0.0
20190516,5/16/2019,THU,12032,Foothills,1700-2100,4.0,0.0
20190513,5/13/2019,MON,12032,Foothills,1700-2100,4.0,0.0
20190512,5/12/2019,SUN,12471,PowWow,1000-1800,7.5,0.0
20190511,5/11/2019,SAT,12472,PowWow,0700-1600,8.0,0.5
20190509,5/9/2019,THU,12032,Foothills,1700-2100,4.0,0.0
20190508,5/8/2019,WED,12032,Foothills,1700-2100,4.0,0.0
20190507,5/7/2019,TUE,12032,Foothills,1700-2100,4.0,0.0
20190505,5/5/2019,SUN,12032,Foothills,0530-1230,6.5,0.0
20190503,5/3/2019,FRI,12032,Foothills,1700-2100,4.0,0.0
20190502,5/2/2019,THU,12032,Foothills,1700-2100,4.0,0.0
20190501,5/1/2019,WED,12032,Foothills,1700-2100,4.0,0.0
20190426,4/26/2019,FRI,12473,Bing-NitinSawhney&StanfordSymphony,1700-2130,4.5,0.0
20190425,4/25/2019,THU,12476,ProFro,1830-2230,4.0,0.0
20190424,4/24/2019,WED,12032,Foothills,1700-2100,4.0,0.0
20190423,4/23/2019,TUE,12032,Foothills,1700-2100,4.0,0.0
20190420,4/20/2019,SAT,12477,Philipinx Cultural Night,1830-2230,4.0,0.0
20190419,4/19/2019,FRI,12037,VadenPharmacy,1600-1800,2.0,0.0
20190419,4/19/2019,FRI,12032,Foothills,1800-2100,3.0,0.0
20190418,4/18/2019,THU,12032,Foothills,1700-2100,4.0,0.0
20190417,4/17/2019,WED,12032,Foothills,1700-2100,4.0,0.0
20190413,4/13/2019,SAT,12428,GSB- C4C-BattleOfBand,1830-0200,7.0,0.0
20190412,4/12/2019,FRI,12425,GSB-C4C,1600-2245,6.25,0.0
20190411,4/11/2019,THU,12493,Bing-WhatMakesItGreat,1830-2215,3.75,0.0
20190410,4/10/2019,WED,12032,Foothills,1700-2100,4.0,0.0
20190406,4/6/2019,SAT,0,Training-CPR/first said,0700-1600,8.0,0.0
20190403,4/3/2019,WED,12032,Foothills,1700-2100,4.0,0.0
20190402,4/2/2019,TUE,12032,Foothills,1700-2100,4.0,0.0
20190401,4/1/2019,MON,12032,Foothills,1700-2100,4.0,0.0
20190331,3/31/2019,SUN,12032,Sick Day,0530-1230,6.5,0.0
20190329,3/29/2019,FRI,12037,Vaden,1600-1800,2.0,0.0
20190329,3/29/2019,FRI,12032,Foothills,1800-2000,2.0,0.0
20190327,3/27/2019,WED,12032,Foothills,1600-2000,4.0,0.0
20190326,3/26/2019,TUE,12032,Foothills,1600-2000,4.0,0.0
20190324,3/24/2019,SUN,12032,Foothills,0530-1230,6.5,0.0
20190322,3/22/2019,FRI,12421,Bing-OscarWithLove,1830-2230,4.0,0.0
20190321,3/21/2019,THU,12032,Foothills,1600-2000,4.0,0.0
20190319,3/19/2019,TUE,12032,Foothills,1600-2000,4.0,0.0
20190318,3/18/2019,MON,12420,BingConcert-Philharmonica Orchestra,1830-2215,3.75,0.0
20190317,3/17/2019,SUN,12036,MemorialChurch,0830-1230,4.0,0.0
20190317,3/17/2019,SUN,12029,BusTour,1300-1800,4.0,1.0
20190315,3/15/2019,FRI,12037,VadenPharmacy,1400-1600,2.0,0.0
20190315,3/15/2019,FRI,12391,BingConcert-A RefugeeLoveStory,1830-2145,3.25,0.0
20190313,3/13/2019,WED,12032,Foothills,1600-2000,4.0,0.0
20190312,3/12/2019,TUE,12032,Foothills,1600-2000,4.0,0.0
20190310,3/10/2019,SUN,12032,Foothills,1600-2000,4.0,0.0
20190307,3/7/2019,THU,000000,Sick Day,1830-2230,4.0,0.0
20190306,3/6/2019,WED,12399,GSE Cubberley,1600-2000,4.0,0.0
20190303,3/3/2019,SUN,12186,MenBBvsWashington,0930-1600,6.0,0.0
20190303,3/3/2019,SUN,12032,Foorhills,1600-2000,2.0,2.0
20190302,3/2/2019,SAT,12032,Foothilks,0530-1230,6.5,0.0
20190228,2/28/2019,THU,12185,MenBBvsWashingtonState,1630-2030,4.0,0.0
20190223,2/23/2019,SAT,12032,Foothills,1330-1900,5.0,0.0
20190222,2/22/2019,FRI,12183,WomenBBvsArizina,1730-2145,4.25,0.0
20190218,2/18/2019,MON,12304,BannetInstallation,0430-0600,1.5,0.0
20190218,2/18/2019,MON,12032,Foothills,0600-1230,6.0,0.0
20190217,2/17/2019,SUN,12354,TreeHack,0730-1700,8.0,1.0
20190215,2/15/2019,FRI,12376,BlackLove,1800-2300,5.0,0.0
20190213,2/13/2019,WED,12181,MenBBvsUSC,1830-2245,4.25,0.0
20190210,2/10/2019,SUN,12180,WomenBBvsOregon,0930-1545,5.0,1.25
20190210,2/10/2019,SUN,12032,Foothills,0600-0900,3.0,0.0
20190209,2/9/2019,SAT,12032,Foothills,0600-0800,2.0,0.0
20190209,2/9/2019,SAT,12029,TourBus,0800-1330,5.0,0.0
20190203,2/3/2019,SUN,12029,TourBus,0900-1330,4.5,0.0
20190203,2/3/2019,SUN,12032,Foothills,1400-1900,3.5,1.5
20190202,2/2/2019,SAT,12032,Foothills,0600-1230,6.0,0.0
20190127,1/27/2019,SUN,12036,MemorialChurch,0830-1230,4.0,0.0
20190127,1/27/2019,SUN,12032,Foothills,1300-1830,4.0,1.5
20190126,1/26/2019,SAT,12032,Foothills,0600-1230,6.0,0.0
20190124,1/24/2019,THU,12336,BingConcert-Attractor,1830-2145,3.25,0.0
20190122,1/22/2019,TUE,12296,SerraSculpture,1530-0000,8.0,0.0
20190120,1/20/2019,SUN,12175,WonenBBvsWashingtonState,1430-1830,4.0,0.0
20190120,1/20/2019,SUN,12032,Foothills,1500-1830,3.5,0.0
20190119,1/19/2019,SAT,12327,WomenMarch,0900-1200,3.0,0.0
20190119,1/19/2019,SAT,12032,Foothills,0600-0830,2.5,0.0
20190113,1/13/2019,SUN,12032,Foothills,1300-1830,5.5,0.0
20190112,1/12/2019,SAT,12032,Foothills,0600-1230,6.0,0.0
20190109,1/9/2019,WED,12326,SecondActScreening,1800-2330,5.5,0.0
20190106,1/6/2019,SUN,12171,WomenBBvsUCLA,1130-1600,4.5,0.0
20190106,1/6/2019,SUN,12032,Foothills,1630-1830,2.0,0.0
20190104,1/4/2019,FRI,12032,Foothills,1300-1830,5.5,0.0
20190101,1/1/2019,TUE,12032,Foothills,1300-1830,5.5,0.0
20181231,12/31/2018,MON,12210,WBSecurity,0630-1500,8.0,0.0
20181230,12/30/2018,SUN,12032,Foothills,0600-1230,6.0,0.0
20181229,12/29/2018,SAT,000000,Sick,0600-1430,8.0,0.0
20181224,12/24/2018,MON,12032,Foothills,0600-1230,6.0,0.0
20181223,12/23/2018,SUN,12210,WBSecurity,1430-2300,8.0,0.0
20181222,12/22/2018,SAT,12210,WBSecurity,1430-2300,8.0,0.0
20181221,12/21/2018,FRI,12210,WBSecurity,1430-2300,8.0,0.0
20181218,12/18/2018,TUE,12167,MenBBvsSJSU,1730-2130,4.0,0.0
20181215,12/15/2018,SAT,12165,MenBBvsEasternWashington,1400-1830,4.5,0.0
20181214,12/14/2018,FRI,12037,VadenPharmacy,1600-1800,2.0,0.0
20181214,12/14/2018,FRI,12273,BingConcert-DianneReevee,1830-2215,3.75,0.0
20181209,12/9/2018,SUN,12032,Foothills,0600-1230,6.0,0.0
20181208,12/8/2018,SAT,12032,Foothills,0600-1230,6.0,0.0
20181207,12/7/2018,FRI,12032,Foothills,1400-1830,4.5,0.0
20181205,12/5/2018,WED,12302,Foothills,1630-1830,2.0,0.0
20181205,12/5/2018,WED,12258,Bing-Philharmonic,1830-2230,4.0,0.0
20181130,11/30/2018,FRI,12032,Foothills,1400-1830,4.5,0.0
20181129,11/29/2018,THU,12265,NextRevolution,1730-2130,4.0,0.0
20181125,11/25/2018,SUN,12032,Foothills,0600-1230,6.0,0.0
20181124,11/24/2018,SAT,12032,Foothills,0600-1230,6.0,0.0
20181123,11/23/2018,FRI,12032,Foothills,1300-1830,5.5,0.0
20181122,11/22/2018,THU,12032,Foothills,1300-1830,5.5,0.0
20181118,11/18/2018,SUN,12032,Foothills,1400-1830,4.5,0.0
20181117,11/17/2018,SAT,12032,Foothills,0600-1230,6.0,0.0
20181111,11/11/2018,SUN,12160,WomenBBvsIdaho,1230-1615,3.75,0.0
20181111,11/11/2018,SUN,12032,Foothills,1615-1830,1.75,0.0
20181110,11/10/2018,SAT,12232,FBvsOregonState,1430-2215,7.75,0.0
20181107,11/7/2018,WED,12159,WomenBBvsUC_Davis,1730-2120,3.83,0.0
20181106,11/6/2018,TUE,12158,MenBBvsSeattle,1730-2145,4.25,0.0
20181104,11/4/2018,SUN,12032,Foothills,0600-1230,6.0,0.0
20181103,11/3/2018,SAT,12032,Foothills,0600-1230,6.0,0.0
20181102,11/2/2018,FRI,12032,Foothills,1400-1830,4.5,0.0
20181031,10/31/2018,WED,12208,Maysoleum-Party,1830-2245,4.25,0.0
20181030,10/30/2018,TUE,12156,Men-BB-vs-Sonoma,1730-2130,4.0,0.0
20181028,10/28/2018,SUN,12016,Theta-Breaker-Race,0700-1045,3.75,0.0
20181028,10/28/2018,SUN,12029,TourBus,1045-1330,2.25,0.0
20181027,10/27/2018,SAT,12197,Football-Vs-Washington,1300-2035,7.58,0.0
20181022,10/22/2018,MON,12050,Hoover-Retreat,1600-2200,5.5,0.0
20181021,10/21/2018,SUN,12050,Hoover-Retreat,1630-2150,5.33,0.0
20181020,10/20/2018,SAT,12118,BingConcert-KronosQuartet,1830-2145,3.25,0.0
20181018,10/18/2018,THU,12114,Evening-with-Peter-Souza,1730-2145,4.25,0.0
20181014,10/14/2018,SUN,12032,Foothills,0600-1230,6.0,0.0
20181012,10/12/2018,FRI,12107,BingConcertCabaret,1800-0000,6.0,0.0
20181010,10/10/2018,WED,12106,BingConcert,1730-2245,5.25,0.0
20181007,10/7/2018,SUN,12029,TourBus,1300-2030,7.0,0.0
20181006,10/6/2018,SAT,12094,FootballVSUtah,1630-2312,6.7,0.0
20180930,9/30/2018,SUN,12032,Foothills,0600-1230,6.0,0.0
20180926,9/26/2018,WED,12032,Foothills,1600-2030,4.5,0.0
20180925,9/25/2018,TUE,12048,NSAF-Dinner,1630-2115,4.75,0.0
20180924,9/24/2018,MON,12032,Foothills,1600-2030,4.5,0.0
20180923,9/23/2018,SUN,12096,BandRun,2000-2300,2.5,0.5
20180923,9/23/2018,SUN,12032,Foothills,1400-2000,5.5,0.0
20180921,9/21/2018,FRI,12089,BingConcert,1830-2200,3.5,0.0
20180919,9/19/2018,WED,12076,YomKippur,1600-2015,4.25,0.0
20180918,9/18/2018,TUE,12032,Foothills,1600-2030,4.5,0.0
20180917,9/17/2018,MON,12032,Foothills,1600-2030,4.5,0.0
20180916,9/16/2018,SUN,12032,Foothills,0600-1230,6.0,0.0
20180915,9/15/2018,SAT,12021,FootballvsUCDavis,0933-1515,5.7,0.0
20180911,9/11/2018,TUE,12032,Foothills,1600-2030,4.5,0.0
20180910,9/10/2018,MON,12032,Foothills,1600-2030,4.5,0.0
20180909,9/9/2018,SUN,12036,MemorialChurch,0830-1230,4.0,0.0
20180908,9/8/2018,SAT,12020,Football-TrafficControl,1230-2205,8.0,1.58
20180902,9/2/2018,SUN,12032,Foothills,0600-1230,6.0,0.0
20180901,9/1/2018,SAT,12032,Foothills,0600-1230,6.0,0.0
20180830,8/30/2018,THU,11258,Foothills,1700-2100,4.0,0.0
20180827,8/27/2018,MON,11258,Foothills,1700-2100,4.0,0.0
20180826,8/26/2018,SUN,11258,Foothills,1600-2100,5.0,0.0
20180822,8/22/2018,WED,11959,IDTECH,1630-1800,1.5,0.0
20180822,8/22/2018,WED,11258,Foothills,1800-2100,3.0,0.0
20180821,8/21/2018,TUE,11959,IDTECH,1630-1800,1.5,0.0
20180821,8/21/2018,TUE,11258,Foothills,1800-2100,3.0,0.0
20180820,8/20/2018,MON,11959,IDTECH,1630-1800,1.5,0.0
20180820,8/20/2018,MON,11258,Foothills,1800-2100,3.0,0.0
20180819,8/19/2018,SUN,11258,Foothills,1600-2100,5.0,0.0
20180814,8/14/2018,TUE,11258,Foothills,1800-2100,3.0,0.0
20180813,8/13/2018,MON,11959,IDTECH,1630-1800,1.5,0.0
20180813,8/13/2018,MON,11258,Foothills,1800-2100,3.0,0.0
20180812,8/12/2018,SUN,11250,Foothills,1600-2100,5.0,0.0
20180811,8/11/2018,SAT,11250,Foothills,1400-2100,6.5,0.0
20180810,8/10/2018,FRI,11250,Foothills,1700-2100,4.0,0.0
20180729,7/29/2018,SUN,11258,Foothills,0530-1330,7.5,0.0
20180728,7/28/2018,SAT,11999,EnvironmentalHabitat,0530-1330,7.5,0.0
20180725,7/25/2018,WED,11258,Foothills,1800-2100,3.0,0.0
20180724,7/24/2018,TUE,11959,IDTECH,1630-1800,1.5,0.0
20180724,7/24/2018,TUE,11258,Foothills,1800-2100,3.0,0.0
20180723,7/23/2018,MON,11959,IDTECH,1630-1800,1.5,0.0
20180723,7/23/2018,MON,11258,Foothills,1800-2100,3.0,0.0
20180719,7/19/2018,THU,11258,Foothills,1700-2100,4.0,0.0
20180718,7/18/2018,WED,11258,Foothill,1700-2100,4.0,0.0
20180717,7/17/2018,TUE,11258,Foothilld,1700-2100,4.0,0.0
20180714,7/14/2018,SAT,11258,Foothills,1400-2100,6.5,0.0
20180713,7/13/2018,FRI,11972,BingConcertSummerJazz,1630-2230,5.5,0.0
20180712,7/12/2018,THU,11258,Foothills,1700-2100,4.0,0.0
20180711,7/11/2018,WED,11258,Foothills,1700-2100,4.0,0.0
20180710,7/10/2018,TUE,11967,HooverInstituteSummerBoardofOverseers,1700-2130,4.5,0.0
20180708,7/8/2018,SUN,11258,Foothills,1600-2100,5.0,0.0
20180704,7/4/2018,WED,11258,Foothills,0530-1230,6.5,0.0
20180703,7/3/2018,TUE,11258,Foothills,1700-2100,4.0,0.0
20180702,7/2/2018,MON,11250,Foothills,1700-2100,4.0,0.0
20180602,6/2/2018,SAT,11868,SEPAnnualTraining,0800-1205,4.08,0.0
20180518,5/18/2018,FRI,11259,VadenPharmacy,1600-1800,2.0,0.0
20180517,5/17/2018,THU,11640,Mutuality-TheFutureofJustice,1630-2030,4.0,0.0
20180516,5/16/2018,WED,11258,FoothillClosing,1700-2100,4.0,0.0
20180513,5/13/2018,SUN,11815,PowWow,0730-1400,6.5,0.0
20180512,5/12/2018,SAT,11815,PowWow,0720-1600,8.0,0.67
20180506,5/6/2018,SUN,11258,FoothillOpening,0530-1230,6.5,0.0
20180504,5/4/2018,FRI,11259,VadenPharmacy,1600-1800,2.0,0.0
20180504,5/4/2018,FRI,11258,FoothillClosing,1800-2100,3.0,0.0
20180503,5/3/2018,THU,11258,FoothillClosing,1700-2100,4.0,0.0
20180430,4/30/2018,MON,11258,FoothillClosing,1700-2100,4.0,0.0
20180429,4/29/2018,SUN,11258,FoothillsOpening,0530-1230,6.5,0.0
20180427,4/27/2018,FRI,11258,FoothillClosing,1700-2100,4.0,0.0
20180425,4/25/2018,WED,11716,WSLDinner,1630-2030,4.0,0.0
20180425,4/25/2018,WED,0000,Meetingw/SSUUnit,1600-1630,0.5,0.0
20180423,4/23/2018,MON,11258,FoothillClosing,1700-2100,4.0,0.0
20180422,4/22/2018,SUN,11258,FoothillOpening,0530-1230,6.5,0.0
20180421,4/21/2018,SAT,11660,BarricadeSetup,1230-1330,1.0,0.0
20180421,4/21/2018,SAT,11258,FoothillClosing,1330-2100,7.0,0.0
20180408,4/8/2018,SUN,11692,AshaStanfordHoliday,1000-1600,6.0,0.0
20180407,4/7/2018,SAT,11692,AshaStanfordHoliday,1000-1545,5.75,0.0
20180406,4/6/2018,FRI,11258,FoothillClising,1400-2100,6.5,0.0
20180404,4/4/2018,WED,11258,FoothillClosing,1700-2100,4.0,0.0
20180403,4/3/2018,TUE,11258,FoothillClosing,1700-2100,4.0,0.0
20180401,4/1/2018,SUN,11258,FoothillsOpening,0530-1230,6.5,0.0
20180331,3/31/2018,SAT,11257,TourBus-Palm/Roth,0600-1330,7.0,0.0
20180325,3/25/2018,SUN,11258,FoothillOpening,0530-1330,7.5,0.0
20180318,3/18/2018,SUN,11258,FoothillOpening,0530-0830,3.0,0.0
20180318,3/18/2018,SUN,10939,MemorialChurch,0830-1230,3.5,0.0
20180317,3/17/2018,SAT,11258,FoothillClosing,1700-2000,3.0,0.0
20180317,3/17/2018,SAT,11574,BingConcert-MachinedeCirque,1330-1630,3.0,0.0
20180314,3/14/2018,WED,11685,MenBBvsBYU,1730-2200,4.5,0.0
20180311,3/11/2018,SUN,11257,TourBus-Palm/Roth,0600-1330,7.0,0.0
20180310,3/10/2018,SAT,11258,FoothillClosing,1300-2000,6.5,0.0
20180307,3/7/2018,WED,11676,PriceForPiece,1630-1915,2.75,0.0
20180304,3/4/2018,SUN,11258,FoothillOpening,0530-1330,7.5,0.0
20180303,3/3/2018,SAT,11633,CitizenPoliceAcademy,0715-1630,8.0,0.75
20180302,3/2/2018,FRI,11567,Bing-K.D.Lang,1800-2245,4.75,0.0
20180225,2/25/2018,SUN,11258,FoothillClosing,1300-1900,5.5,0.0
20180223,2/23/2018,FRI,11596,BingCabaret,1900-2315,4.25,0.0
20180222,2/22/2018,THU,11447,MenBBvsWashington,1630-2045,4.25,0.0
20180216,2/16/2018,FRI,11592,TreeHack,1530-0015,8.0,0.75
20180215,2/15/2018,THU,11467,WomenBBvsCal,1730-2145,4.25,0.0
20180213,2/13/2018,TUE,11586,EncoreAwards,1600-2100,5.0,0.0
20180211,2/11/2018,SUN,11258,FoothillOpening,0600-1330,7.0,0.0
20180210,2/10/2018,SAT,11258,FoothillClosing,1300-1900,5.5,0.0
20180209,2/9/2018,FRI,11465,WomenBBvsUtah,1730-2130,4.0,0.0
20180207,2/7/2018,WED,11560,Bing-LeonardBernstein,1800-2200,4.0,0.0
20180206,2/6/2018,TUE,11615,RussRoberts,1700-2100,4.0,0.0
20180204,2/4/2018,SUN,11258,FoothillOpening,0600-1330,7.0,0.0
20180203,2/3/2018,SAT,11258,FoothillOpening,0600-1330,7.0,0.0
20180201,2/1/2018,THU,11445,MeBBvsOregonState,1630-2040,4.17,0.0
20180131,1/31/2018,WED,11556,BingConcert,1800-2215,4.25,0.0
20180128,1/28/2018,SUN,11464,WomenBBvsArizina,1330-1930,6.0,0.0
20180104,1/4/2018,THU,11369,WBSecurity,1500-2300,8.0,0.0
20171224,12/24/2017,SUN,11258,FoothillOpening,0600-1330,7.0,0.0
20171223,12/23/2017,SAT,11257,TourBus-Palm/Roth,1300-1830,5.5,0.0
